channel_title,handle,channel_id,run
Ayngaran,@ayngaraninternational,UCGjn3ZbkkNcQaj00qwJ0DYQ,yes
Blackbees Couple,@blackbeescouple,UCAEQWEMnSGRy7Q35U_QK3Mw,no
ABP NEWS,@abpnews,UCRWFSbif-RFENbBrSiez1DA,no
ProgrammingKnowledge,@programmingknowledge,UCs6nmQViDpUw0nuIx9c_WvA,no
Money Pechu,@moneypechu,UC7fQFl37yAOaPaoxQm-TqSA,no
Mojo Story,@mojostory,UCrdPiSPVW0rtRsI002BX8iw,no
Vikatan TV,@vikatanwebtv,UCEhsOgK2u8GDDoynMCj78Ng,no
Learn English | Let's Talk - Free English Lessons,@letstalk,UCicjynhfFw2LiIQFnoS1JTw,no
Wirally Tamil,@wirallytamilofficial,UCp_V2wegU7kbu9X9ULacArQ,no
Ali Abdaal,@aliabdaal,UCoOae5nYA7VqaXzerajD0lg,no
Trevor Jones,@trevorjonescreator,UCmCJNTnfr59HHbkZyBpu2qg,no
Simply Time Pass,@simplytimepass,UCCCQS7SWQkbCg9sXwx7K5gA,no
FOX Soccer,@foxsoccer,UCooTLkxcpnTNx6vfOovfBFA,no
For Men India,@formenindia,UC8QWrQmjene7BVq5LiIC9jw,no
tamilcinemareview,@tamilcinemareview,UCZVcQLqXTn1DN-UcDwrc1gQ,no
Pocket Cinema by Joshua,@pocketcinema2024,UCSQO8gC3UQbICRIXeEuV9MQ,no
WabsTalk,@wabstalk,UCF1aCJmEIt84EfhOfl7UMXw,no
Dr Pal,@drpal,UCP4k407eomZThGHo_9sgMkg,no
Cinema Junction,@cinemajunctiontamil,UCFjaCA1B86KUYKgBQc5ERRg,no
Google,@google,UCK8sQmJBp8GCxrOtXWBpyEA,no
Lonely Planet Wildlife,@lonelyplanet3,UCSY8mDcWwHO4fuF6wQJTbDA,no
Chica.Bonita,@chica.bonita5,UCivDQQCwtU9jsbguFYH10pQ,no
Indian Imprints,@indianimprintschennai,UC7Y440_EqYJ2TldlMllS8tQ,no
Nadakudi 360°,@nadakudi360,UCMLJxWcIcf-tZ1vWoYY-Fyw,no
Transit bites,@transitbites,UCo8m48sD5KnnJMKbckbtpyQ,no
Introvertt Tales,@introvertt_struggle,UCm6VfNjZltcu8ygC8zdRbmw,no
Just Hits,@justhitsb,UC78uLy6QQ0eoJ3E0tP2gJIg,no
कैंसर कैफे / Living with Cancer,@livingwithcancer,UCaQaxJWD8YEUdUJf4DRpUmw,no
Dhamu Miracle Media,@dhamumiraclemedia,UClBGMEB-vkVev9j5gDkEHaw,no
When Animals Attack,@whenanimalsattack,UCJwpGGqO_HRXVksuTOZS0vw,no
Red Moon,@redmoonchannel,UCHo_zivUch3xeba2-CJh0UQ,no
Audio Mix World,@audiomixworld,UCCNVrSbCzvpIP5PSx6fMazQ,no
Lalloo Alphonse,@lallooalphonse,UCPtyWQ4AC5iEz_Qe5bTWlcQ,no
G.M.,@g.m.5590,UCMgEfRRQM2M4vVUOz0JueBw,no
Deepika Narayan Bhardwaj,@deepikanarayanbhardwaj,UC9necAMutBZXCZj3boHdQhQ,no
Agasthya Shah,@agasthyashah,UCzqJIntkB9JF0nUhOfODGwA,no
Letter Of Law,@letteroflaw,UCn6a7B3IKppLV8aPQ5VVvmw,no
Sweet Buns Lifestyle,@sweetbunsthevlogger,UCF6YhGgTNUHcqoeRGw4r75Q,no
Ishmet / Ишмет,@denisishmetov,UCZFvm8mVNKe6AbpMwLIxv3A,no
Marques Brownlee,@mkbhd,UCBJycsmduvYEL83R_U4JriQ,no
R Rajesh Vlogs,@rrajeshvlogs,UCu8EnxxpwL536N6qcP85YOQ,no
Chandu The Villager,@chanduthevillager,UCH2UYefOy1OnQLV2ED8fgPQ,no
SimiGarewalOfficial,@simigarewalofficialpage,UCKZgrXlmZje7nEfW0Vogvyw,no
DanceWithDeepti,@dancewithdeepti,UCaeQiOlLDAl76NmWWFUlHbg,no
Harry Styles,@harrystyles,UCZFWPqqPkFlNwIxcpsLOwew,no
Chinmayi Sripada,@chinmayisripada1474,UCmcUNcukFwJ64_THjgNVaiA,no
neo,@neoexplains,UCtYKe7-XbaDjpUwcU5x0bLg,no
Cloud With Raj,@cloudwithraj,UCBdfli20jrAscmR9COL35qg,no
Alexa Developers,@alexadevelopers,UCbx0SPpWT6yB7_yY_ik7pmg,no
MYSTERIOUS WORLD TAMIL,@mysteriousworldtamil,UCBPB2M5nSJtOjDbjVBcn0zg,no
Butterfly Spanish,@butterflyspanish,UC9yudInUYzMh9H4gJs4DrHg,no
Simple Hinduism,@simplehinduism,UC4Uuh9tdLZHEn841ju7dxMA,no
GOTO Conferences,@goto-,UCs_tLP3AiwYKwdUHpltJPuA,no
Net Ninja,@netninja,UCW5YeuERMmlnqo4oq8vwUpg,no
ChessNuts,@chessnuts,UCQm9MDmiMNoAX1O4n7CJ8GA,no
How to Dance - For Men,@howtodanceformen,UCrfgEht4KZl6dIh_ySaZ3gQ,no
Nas Daily,@nasdaily,UCJsUvAqDzczYv2UpFmu4PcA,no
Syntax,@syntaxfm,UCyU5wkjgQYGRB0hIHMwm2Sg,no
Srinivas kolaparthi,@vasu34k,UCqIHkbuf1uGiN8QXwWX5dkQ,no
Bldg18 Comedy Club,@bldg18comedyclub,UCJ6yMbprj-ZNJU0oguntg0w,no
Nakkalites,@nakkalitestamil,UCiPmhfdCL06cSVTXKabF0Zg,no
ONS STUDY CIRCLE,@onsstudycircle,UCnbeR3nthxKd5SNMRYEWeTw,no
Siraj Raval,@sirajraval,UCWN3xxRkmTPmbKwht9FuE5A,no
Bioscope,@bioscopeofficial,UCzD1MZTFVSk05MJgaFcbthA,no
TN SED,@scerttn,UC7GbVKqHPXww1acL1x9DNQw,no
Learn With Ryan,@learnwithryanuk,UCFhVzNrmv19qNNC0tb2b3lw,no
Krishworks,@krishworks5621,UCBXvGkTkxqq4vmyxQ65VG3Q,no
Erik Normark,@erik_normark,UCfMgKSxyQ9KnbjY6L6JKKiQ,no
IT For Masses Knowledge Series,@itformassesknowledgeseries,UCqYBG1eZc7gxE1r_06AI6Vg,no
Edupedia World by Exambyte,@edupediaworld,UC6E97LDJTFJgzWU7G3CHILw,no
c2b2 Consulting,@c2b2consulting,UCkoW0Sv44_PJ88QipJ29Pnw,no
Caitlin Doughty,@askamortician,UCi5iiEyLwSLvlqnMi02u5gQ,no
RSUdancecompany,@rsudancecompany,UCiM1pvzWtaByrwb0dmqVqBQ,no
Google for Developers,@googledevelopers,UC_x5XG1OV2P6uZZ5FSM9Ttw,no
Dr Awdhesh Singh,@drawdhesh,UCcq3UsGFnfjkDd-52bjtsDw,no
Tamil Movie Zone,@thetamilmoviezone,UCwZRC14ktQbl2hEUT8gfDKQ,no
New Atlantis Full Documentaries,@newatlantisline,UCYwDp3hlpvvUNY--qI_lpLg,no
FRONTLINE PBS | Official,@frontline,UC3ScyryU9Oy9Wse3a8OAmYQ,no
YouTube Viewers,@youtubeviewers,UCMDQxm7cUx3yXkfeHa5zJIQ,no
Decisions,@decisions,UC_3u2VFv0jchySYPjZFW4Bw,no
Educational Solutions,@educationalsolutions100,UCCbGpe-NTm7xagbh2S9GTiQ,no
BM English Speaking,@bmenglishspkg,UC8cshzdPbETYc-V1EyTt1Cw,no
TeacherTube Math,@teachertubemath,UCX440GeRutiFNrkjuQAyw_A,no
How to Draw and Paint,@howtodrawandpaint,UCji4rI3e1-g7Gxjvqih480A,no
raul ghetto,@ebeinghuman,UCeqhKKep1_bIcDWTkOKab4w,no
java9s,@java9s,UCGOoAhrv-mOe3dB2PeSVQGw,no
Manjula's Kitchen,@manjulaskitchen,UCb75CvYbm5BXpbEkGqFKABw,no
Juvenall,@juvenall,UCdU9ZshpcSwqUb2pFcIhPKg,no
trebor hgils,@hgils,UC8eiBTja4HNr9dhi34WBl3w,no
ravisree5,@ravisree5,UCToITqYd2vBwSefpmw1kDkQ,no
4K Tamil Comedy,@4ktamilcomedy,UC6e5ZAtoyjl598iMf6eGs-A,no
OLI-OVIYAN,@olioviyan,UC6OW4NQbkp6uXOGpF4RvMEQ,no
The Indian Insight,@theindianinsight2026,UCyLRvzDoLF2MrvENaVjcBRg,no
Priya Foxie,@priyafoxie,UCjQnGfRfExfapA0iLuRNqbA,yes
IBM Technology,@ibmtechnology,UCKWaEZ-_VweaEx1j62do_vQ,no
60 Minutes Australia,@60minutesau,UC0L1suV8pVgO4pCAIBNGx5w,no
Sun News,@sunnewstamil,UCYlh4lH762HvHt6mmiecyWQ,no
Tamil Talkies,@tamiltalkies,UCkI-SYGC8fxPNcp6FsX4SRQ,no
RS Voice,@rsvoice,UCymbuvthNl7SKJmmpTxUzow,no
VISHNU POPZZ,@vishnupopzz830,UCUfa4jjAGBzS1rRwLc3vzaA,no
RajVideoVision,@rajvideovision32,UCtuUyCytM25kpL4iu5pv8fQ,no
Simply Sruthi,@simplysruthi,UCitUoSxIg8UplOgy2eq25bw,no
Miss Miracle,@missmiracle211,UCTO6AiHzVuZ1h5u_UKq7sVw,no
Crazy Mohan,@crazyscreations,UCZCWsjRIyP8dDWunjcVdmYA,no
BD Crime story,@bdcrimestory,UCw7u_yPgCeARneIljQelfsQ,no