channel_handle,channel_title,title,video_id,url,published_at
@umamags,MAHESH NATARAJAN,"March 30, 2025",bIvMETRhMOA,https://www.youtube.com/watch?v=bIvMETRhMOA,2025-03-30T21:38:37Z
@umamags,MAHESH NATARAJAN,My cat does not want me to work,YKtB-ip9yaw,https://www.youtube.com/watch?v=YKtB-ip9yaw,2025-02-08T02:27:23Z
@umamags,MAHESH NATARAJAN,bullet train accelaration 2,D5wuDkQ45jQ,https://www.youtube.com/watch?v=D5wuDkQ45jQ,2024-11-28T11:09:37Z
@umamags,MAHESH NATARAJAN,japan bullet train accelaration,iCOz0C4AR6s,https://www.youtube.com/watch?v=iCOz0C4AR6s,2024-11-28T11:04:44Z
@umamags,MAHESH NATARAJAN,japan trains are so punctual,HHj9hmwh1mE,https://www.youtube.com/watch?v=HHj9hmwh1mE,2024-11-28T09:16:14Z
@umamags,MAHESH NATARAJAN,Ice on Michigan Lake,xR4ObfyZ7fo,https://www.youtube.com/watch?v=xR4ObfyZ7fo,2022-01-17T23:03:22Z
@umamags,MAHESH NATARAJAN,lsams2tempo04 mule tempo portion,UCTxO-CijSQ,https://www.youtube.com/watch?v=UCTxO-CijSQ,2016-05-24T07:28:37Z
@umamags,MAHESH NATARAJAN,Mahesh speech v2,zbMrn5hfjK0,https://www.youtube.com/watch?v=zbMrn5hfjK0,2014-02-03T02:33:39Z
@umamags,MAHESH NATARAJAN,05 kambu dance,WuWZwqLZ8nY,https://www.youtube.com/watch?v=WuWZwqLZ8nY,2014-02-03T01:44:14Z
@umamags,MAHESH NATARAJAN,04 nikkiriye jora 4th std,WUUzqiKlWMs,https://www.youtube.com/watch?v=WUUzqiKlWMs,2014-02-02T17:27:25Z
@umamags,MAHESH NATARAJAN,03 london bridge is falling,-CSHOtUVz7Y,https://www.youtube.com/watch?v=-CSHOtUVz7Y,2014-02-02T16:20:52Z
@umamags,MAHESH NATARAJAN,02 kaaka kids dance,od_H1XSjQSU,https://www.youtube.com/watch?v=od_H1XSjQSU,2014-02-02T15:21:33Z
@umamags,MAHESH NATARAJAN,01 mythili dance,qdfG6WpeQ7Q,https://www.youtube.com/watch?v=qdfG6WpeQ7Q,2014-02-02T14:33:18Z
@umamags,MAHESH NATARAJAN,Vanavani - why email and bank account are important,7UESxW6JWsw,https://www.youtube.com/watch?v=7UESxW6JWsw,2013-12-23T07:54:22Z
@umamags,MAHESH NATARAJAN,13 4boys Dancing 13,vP5mjTyxt-E,https://www.youtube.com/watch?v=vP5mjTyxt-E,2013-12-21T03:58:00Z
@umamags,MAHESH NATARAJAN,12 Girl Speaking English 12,xuHTdiZDCQY,https://www.youtube.com/watch?v=xuHTdiZDCQY,2013-12-21T03:52:16Z
@umamags,MAHESH NATARAJAN,11 Mythili Dancing 11,w4WwwLZpTz0,https://www.youtube.com/watch?v=w4WwwLZpTz0,2013-12-21T03:51:19Z
@umamags,MAHESH NATARAJAN,10 4girls Dancing 10,0WC8VVZRTMM,https://www.youtube.com/watch?v=0WC8VVZRTMM,2013-12-21T03:47:32Z
@umamags,MAHESH NATARAJAN,09 Train 9,JaeT-9x1M10,https://www.youtube.com/watch?v=JaeT-9x1M10,2013-12-21T03:47:09Z
@umamags,MAHESH NATARAJAN,08 Paperman 8,BmWDE_Mwvk8,https://www.youtube.com/watch?v=BmWDE_Mwvk8,2013-12-21T03:40:59Z
@umamags,MAHESH NATARAJAN,07 Glowing House 7,qsJzOGInZSQ,https://www.youtube.com/watch?v=qsJzOGInZSQ,2013-12-21T03:40:51Z
@umamags,MAHESH NATARAJAN,05 Lkg Zoo 5,Qv6Wj0tZkjw,https://www.youtube.com/watch?v=Qv6Wj0tZkjw,2013-12-21T03:40:10Z
@umamags,MAHESH NATARAJAN,06 Mahalakshmi 6,67JBSgFnCss,https://www.youtube.com/watch?v=67JBSgFnCss,2013-12-21T03:40:05Z
@umamags,MAHESH NATARAJAN,04 Scrapbook 4,ifUho8N_MyA,https://www.youtube.com/watch?v=ifUho8N_MyA,2013-12-21T03:35:16Z
@umamags,MAHESH NATARAJAN,03 6th Standard 3,MjgKUkslIsQ,https://www.youtube.com/watch?v=MjgKUkslIsQ,2013-12-21T03:33:59Z
@umamags,MAHESH NATARAJAN,02 3rd Standard 2,bvXjF-e7qVU,https://www.youtube.com/watch?v=bvXjF-e7qVU,2013-12-21T03:32:26Z
@umamags,MAHESH NATARAJAN,01 Vanavani Outside 1,sQ6o81C4r2Y,https://www.youtube.com/watch?v=sQ6o81C4r2Y,2013-12-21T03:20:23Z
@umamags,MAHESH NATARAJAN,Vanavani child dancing,e3VQ21gT-OM,https://www.youtube.com/watch?v=e3VQ21gT-OM,2013-11-19T23:21:28Z
@umamags,MAHESH NATARAJAN,Vanavani boys dancing,xaLWhkzk7lA,https://www.youtube.com/watch?v=xaLWhkzk7lA,2013-11-19T16:30:57Z
@umamags,MAHESH NATARAJAN,walking,KRbXAIGj5lQ,https://www.youtube.com/watch?v=KRbXAIGj5lQ,2013-01-17T02:26:44Z
@umamags,MAHESH NATARAJAN,My Edited Video,NURysNdgiU0,https://www.youtube.com/watch?v=NURysNdgiU0,2012-12-28T02:17:11Z
@umamags,MAHESH NATARAJAN,VID00063,F9btg_V0P3w,https://www.youtube.com/watch?v=F9btg_V0P3w,2012-12-27T18:40:45Z
@umamags,MAHESH NATARAJAN,VID00062,kPW2zg2sSuc,https://www.youtube.com/watch?v=kPW2zg2sSuc,2012-12-27T18:35:05Z
@umamags,MAHESH NATARAJAN,VID00061,-UDC-BkfukE,https://www.youtube.com/watch?v=-UDC-BkfukE,2012-12-27T18:29:45Z
@umamags,MAHESH NATARAJAN,VID00060,MzN53_rV66A,https://www.youtube.com/watch?v=MzN53_rV66A,2012-12-27T18:20:08Z
@umamags,MAHESH NATARAJAN,VID00071,N2ftZ8dmXyo,https://www.youtube.com/watch?v=N2ftZ8dmXyo,2012-12-27T18:17:03Z
@umamags,MAHESH NATARAJAN,VID00070,QRoRc_iHbUc,https://www.youtube.com/watch?v=QRoRc_iHbUc,2012-12-27T18:12:02Z
@umamags,MAHESH NATARAJAN,VID00069,nczuJR4BQz8,https://www.youtube.com/watch?v=nczuJR4BQz8,2012-12-27T18:05:35Z
@umamags,MAHESH NATARAJAN,VID00068,5eIzIMcqRDc,https://www.youtube.com/watch?v=5eIzIMcqRDc,2012-12-27T17:56:44Z
@umamags,MAHESH NATARAJAN,VID00067,vlyBGqQEXNE,https://www.youtube.com/watch?v=vlyBGqQEXNE,2012-12-27T17:44:09Z
@umamags,MAHESH NATARAJAN,VID00066,OuBZx0zSMnc,https://www.youtube.com/watch?v=OuBZx0zSMnc,2012-12-27T17:39:39Z
@umamags,MAHESH NATARAJAN,VID00065,-P_V4LWBVCU,https://www.youtube.com/watch?v=-P_V4LWBVCU,2012-12-27T17:35:04Z
@umamags,MAHESH NATARAJAN,VID00064,d6AY7J55l-Y,https://www.youtube.com/watch?v=d6AY7J55l-Y,2012-12-27T17:22:56Z
@umamags,MAHESH NATARAJAN,Abhinav is a brave boy,OpslXyqBCCk,https://www.youtube.com/watch?v=OpslXyqBCCk,2012-11-13T12:41:55Z
@umamags,MAHESH NATARAJAN,video 2012 08 15 18 20 53,8kaRc9_DlkU,https://www.youtube.com/watch?v=8kaRc9_DlkU,2012-08-16T17:21:25Z
@umamags,MAHESH NATARAJAN,krithika nalangu,mnLZfAJttNQ,https://www.youtube.com/watch?v=mnLZfAJttNQ,2012-07-01T01:27:40Z
@umamags,MAHESH NATARAJAN,heavy rain in chennai,PTOrcPDhPeQ,https://www.youtube.com/watch?v=PTOrcPDhPeQ,2012-06-28T12:36:07Z
@umamags,MAHESH NATARAJAN,achu in 9th std with abhi in 4th,mC4eUtssKJU,https://www.youtube.com/watch?v=mC4eUtssKJU,2012-06-07T15:50:21Z
@umamags,MAHESH NATARAJAN,abhinav_hindi_video-2012-03-12-21-27-15.mp4,xMx4jz2z6PA,https://www.youtube.com/watch?v=xMx4jz2z6PA,2012-04-02T02:54:33Z
@umamags,MAHESH NATARAJAN,Abhinav getting ready to run the home.,q6Wp47O8GMs,https://www.youtube.com/watch?v=q6Wp47O8GMs,2012-04-01T17:43:27Z
@umamags,MAHESH NATARAJAN,abhinav_tennis_video-2012-02-15-17-23-17.mp4,d3h10J1Mcc0,https://www.youtube.com/watch?v=d3h10J1Mcc0,2012-03-23T10:16:05Z
@umamags,MAHESH NATARAJAN,EclipseIntroduction.avi,nYKkDlvJpDQ,https://www.youtube.com/watch?v=nYKkDlvJpDQ,2012-01-27T02:47:35Z
@umamags,MAHESH NATARAJAN,Patti sits up after a month,9os4HGrOZtw,https://www.youtube.com/watch?v=9os4HGrOZtw,2011-11-27T14:57:24Z
@umamags,MAHESH NATARAJAN,Pigeon in our bedroom!,3gg9Mtrb-Cg,https://www.youtube.com/watch?v=3gg9Mtrb-Cg,2011-11-23T16:29:33Z
@umamags,MAHESH NATARAJAN,Diwali 2011 at Sai Subodaya Apt,ihCCDVT7HWk,https://www.youtube.com/watch?v=ihCCDVT7HWk,2011-10-26T12:42:42Z
@umamags,MAHESH NATARAJAN,Interview with Reddy,ZiTDPmZGvSs,https://www.youtube.com/watch?v=ZiTDPmZGvSs,2010-10-01T20:31:48Z
@umamags,MAHESH NATARAJAN,Aquila Showing Her School Books (6th std DPS),roT2SAmkO7A,https://www.youtube.com/watch?v=roT2SAmkO7A,2010-07-20T03:44:06Z
@umamags,MAHESH NATARAJAN,Armaan is practising his kungfu,tUkfjAtWzEM,https://www.youtube.com/watch?v=tUkfjAtWzEM,2010-07-18T03:48:04Z
@umamags,MAHESH NATARAJAN,Aquila is playing the keyboard at her home,_jQCKn0OtQE,https://www.youtube.com/watch?v=_jQCKn0OtQE,2010-07-18T03:44:32Z
@umamags,MAHESH NATARAJAN,A tour of the MRC Mandapam at Santhome,WyXv7S4twB4,https://www.youtube.com/watch?v=WyXv7S4twB4,2010-07-18T03:37:00Z
@umamags,MAHESH NATARAJAN,ADayAtTheRTOOffice.wmv,LteJxwcIeF4,https://www.youtube.com/watch?v=LteJxwcIeF4,2010-07-11T05:40:18Z
@umamags,MAHESH NATARAJAN,Akshaya's books and notebooks for 7th std,tM7Qwa9HKbQ,https://www.youtube.com/watch?v=tM7Qwa9HKbQ,2010-07-06T23:41:41Z
@umamags,MAHESH NATARAJAN,AmmaAtThiruvanmiyur_July2010.wmv,Hq-44Hc0MaU,https://www.youtube.com/watch?v=Hq-44Hc0MaU,2010-07-05T04:09:51Z
@umamags,MAHESH NATARAJAN,Abhinav describing the kind of trainset he wants,HWQUmPrmOMc,https://www.youtube.com/watch?v=HWQUmPrmOMc,2010-07-05T03:52:00Z
@umamags,MAHESH NATARAJAN,VID00157.AVI,AZzZTd7tGbA,https://www.youtube.com/watch?v=AZzZTd7tGbA,2010-07-03T17:11:19Z
@umamags,MAHESH NATARAJAN,Abhinav shuffling cards and dropping them,RUfbrWNd67o,https://www.youtube.com/watch?v=RUfbrWNd67o,2010-06-20T01:22:41Z
@umamags,MAHESH NATARAJAN,RanganathanStreet.wmv,RYGfh2VP1aA,https://www.youtube.com/watch?v=RYGfh2VP1aA,2010-05-11T10:05:17Z
@umamags,MAHESH NATARAJAN,ChennaiHot.wmv,YT2jFCB53uY,https://www.youtube.com/watch?v=YT2jFCB53uY,2010-05-07T06:33:06Z
@umamags,MAHESH NATARAJAN,SWIMMING.wmv,X4TwozJn3pk,https://www.youtube.com/watch?v=X4TwozJn3pk,2010-05-06T07:47:38Z
@umamags,MAHESH NATARAJAN,OnTheBeach.wmv,UfWXBljIr5U,https://www.youtube.com/watch?v=UfWXBljIr5U,2010-05-04T15:05:24Z
@umamags,MAHESH NATARAJAN,Akshaya and Abhinav in their drawing class,dvJ_0iGoAEk,https://www.youtube.com/watch?v=dvJ_0iGoAEk,2010-05-02T05:27:08Z
@umamags,MAHESH NATARAJAN,Abhinav shuffling cards,11AGupd6Lmw,https://www.youtube.com/watch?v=11AGupd6Lmw,2010-04-28T02:51:03Z
@umamags,MAHESH NATARAJAN,Abhinav playing chess,CT0OIVf6sdg,https://www.youtube.com/watch?v=CT0OIVf6sdg,2010-04-28T02:34:26Z
@umamags,MAHESH NATARAJAN,How to make friends at school,IYqtNZCIY0w,https://www.youtube.com/watch?v=IYqtNZCIY0w,2010-03-05T02:13:58Z
@umamags,MAHESH NATARAJAN,How to tackle boredom,9ounR-_0cv8,https://www.youtube.com/watch?v=9ounR-_0cv8,2010-03-04T02:45:29Z
@umamags,MAHESH NATARAJAN,Light rail opposite Mahesh's office,oKkJkkppeqM,https://www.youtube.com/watch?v=oKkJkkppeqM,2010-03-03T03:02:16Z
@umamags,MAHESH NATARAJAN,Outside Mahesh's office,zt-DZgaoeqw,https://www.youtube.com/watch?v=zt-DZgaoeqw,2010-03-03T03:00:17Z
@umamags,MAHESH NATARAJAN,How to make Ajax calls from Jsp,zxMZ5FxcGIk,https://www.youtube.com/watch?v=zxMZ5FxcGIk,2010-02-27T00:43:58Z
@umamags,MAHESH NATARAJAN,stockapp10,tzyigdxq0NY,https://www.youtube.com/watch?v=tzyigdxq0NY,2009-09-14T03:11:12Z
@umamags,MAHESH NATARAJAN,stockapp9,WmMQ-PQLr3c,https://www.youtube.com/watch?v=WmMQ-PQLr3c,2009-09-14T03:08:21Z
@umamags,MAHESH NATARAJAN,stockapp8,DdoHZPNA0Mk,https://www.youtube.com/watch?v=DdoHZPNA0Mk,2009-09-14T03:07:57Z
@umamags,MAHESH NATARAJAN,stockapp7,1uyugWcIx28,https://www.youtube.com/watch?v=1uyugWcIx28,2009-09-14T03:05:32Z
@umamags,MAHESH NATARAJAN,stockapp5,9wW-h9CjbG0,https://www.youtube.com/watch?v=9wW-h9CjbG0,2009-09-14T03:04:31Z
@umamags,MAHESH NATARAJAN,stockapp6,4R2e8ay8qms,https://www.youtube.com/watch?v=4R2e8ay8qms,2009-09-14T03:02:43Z
@umamags,MAHESH NATARAJAN,stockapp4,Cg8NR9YpUsM,https://www.youtube.com/watch?v=Cg8NR9YpUsM,2009-09-14T03:00:07Z
@umamags,MAHESH NATARAJAN,stockapp3,kuP6hLyiW0I,https://www.youtube.com/watch?v=kuP6hLyiW0I,2009-09-14T02:59:00Z
@umamags,MAHESH NATARAJAN,stockapp2,9NWhUw0kJxc,https://www.youtube.com/watch?v=9NWhUw0kJxc,2009-09-14T02:57:33Z
@umamags,MAHESH NATARAJAN,stockapp1,hD0WftA_z0I,https://www.youtube.com/watch?v=hD0WftA_z0I,2009-09-14T02:54:27Z
@umamags,MAHESH NATARAJAN,eclipse google code checkout,5fp00DxOc6w,https://www.youtube.com/watch?v=5fp00DxOc6w,2009-09-01T02:12:19Z
@umamags,MAHESH NATARAJAN,eclipse subversion plugin install,15jItreEX1M,https://www.youtube.com/watch?v=15jItreEX1M,2009-09-01T02:03:56Z
@umamags,MAHESH NATARAJAN,Abhinav Does What Akshaya Says,l8T8-tvHyIk,https://www.youtube.com/watch?v=l8T8-tvHyIk,2009-08-15T16:46:41Z
@umamags,MAHESH NATARAJAN,eclipse Javaapp 4,_umd7hih5bE,https://www.youtube.com/watch?v=_umd7hih5bE,2009-07-24T02:55:55Z
@umamags,MAHESH NATARAJAN,eclipse Javaapp 3,2ujROMcHGUc,https://www.youtube.com/watch?v=2ujROMcHGUc,2009-07-24T02:50:41Z
@umamags,MAHESH NATARAJAN,eclipse Javaapp 2,CFaWGAuktno,https://www.youtube.com/watch?v=CFaWGAuktno,2009-07-24T02:45:35Z
@umamags,MAHESH NATARAJAN,eclipse Javaapp 1,eRrMdTI9Fe0,https://www.youtube.com/watch?v=eRrMdTI9Fe0,2009-07-24T02:41:25Z
@umamags,MAHESH NATARAJAN,Akshaya Abhinav Dresses,OQu7lqp4BBE,https://www.youtube.com/watch?v=OQu7lqp4BBE,2009-05-18T01:27:36Z
@umamags,MAHESH NATARAJAN,Mahesh - Holmes 1,9x4tWR1fJvE,https://www.youtube.com/watch?v=9x4tWR1fJvE,2009-05-01T01:55:50Z
@umamags,MAHESH NATARAJAN,Eclipse Simple Java compile,k9vxRkXG7xQ,https://www.youtube.com/watch?v=k9vxRkXG7xQ,2008-04-28T21:23:51Z
@umamags,MAHESH NATARAJAN,How to download games from MSN,VpymRQPI63s,https://www.youtube.com/watch?v=VpymRQPI63s,2007-04-07T02:14:57Z
@umamags,MAHESH NATARAJAN,Unakkum Kangal Rendu,UT9QykiVbZM,https://www.youtube.com/watch?v=UT9QykiVbZM,2007-03-10T13:57:32Z
@umamags,MAHESH NATARAJAN,Ajay's Birthday,qRnO41HqvFc,https://www.youtube.com/watch?v=qRnO41HqvFc,2007-03-10T03:37:36Z
@umamags,MAHESH NATARAJAN,Akshaya's 9th birthday,terA4mWkB2M,https://www.youtube.com/watch?v=terA4mWkB2M,2007-03-10T02:58:16Z
@umamags,MAHESH NATARAJAN,Titanic Comedy - Akshaya and Abhinav,KQdBhmMzQzM,https://www.youtube.com/watch?v=KQdBhmMzQzM,2007-01-08T16:10:14Z
@umamags,MAHESH NATARAJAN,Christmas Day 2006,FCg6bgKL-Sk,https://www.youtube.com/watch?v=FCg6bgKL-Sk,2007-01-07T02:03:14Z
@umamags,MAHESH NATARAJAN,Akshaya School Christmas music session 2 - Dec 2006,3jLtoMq3qp0,https://www.youtube.com/watch?v=3jLtoMq3qp0,2006-12-23T17:20:12Z
@umamags,MAHESH NATARAJAN,Akshaya School Christmas music session - Dec 2006,owB0RGm5ihY,https://www.youtube.com/watch?v=owB0RGm5ihY,2006-12-23T15:46:57Z
@umamags,MAHESH NATARAJAN,Dec 2006 - Abhinav & Akshaya - Playing with train,Ok7hWTEsL-8,https://www.youtube.com/watch?v=Ok7hWTEsL-8,2006-12-20T18:04:05Z
